﻿<?xml version="1.0" encoding="utf-8"?>
<gadget>
  <name>NextPVR</name>
  <namespace>NPVR</namespace>
  <version>1.2</version>
  <author name="NextPVR User cncb">
    <info url="https://github.com/sub3/NextPVR/wiki/WindowsDesktopGadget" text="Wiki Help Page"/>
    <logo src="logo.png"/>
  </author>
  <copyright>© 2011</copyright>
  <description>See the recording schedule and status of NextPVR.</description>
  <icons>
    <icon height="48" width="48" src="logo.png"/>
  </icons>
  <hosts>
    <host name="sidebar">
      <base type="HTML" apiVersion="1.0.0" src="npvr.html"/>
      <permissions>Full</permissions>
      <platform minPlatformVersion="1.0"/>
      <defaultImage src="logo.png"/>
    </host>
  </hosts>
</gadget>
